ID,churchLocations,riseLocations
0,2_West of Warmasters Shack;4_Third Church;9_Far Southwest,1_Northeast of Saintsbridge;10_Lake
1,1_Northeast of Saintsbridge;3_Below Summonwater Hawk;10_Lake,2_West of Warmasters Shack;8_East of Cavalry Bridge
2,1_Northeast of Saintsbridge;3_Below Summonwater Hawk;11_Southeast of Lake,10_Lake
3,4_Third Church;5_Above Stormhill Tunnel Entrance;10_Lake,2_West of Warmasters Shack;9_Far Southwest
4,1_Northeast of Saintsbridge;5_Above Stormhill Tunnel Entrance;6_Stormhill South of Gate,9_Far Southwest;10_Lake
5,6_Stormhill South of Gate;7_Minor Erdtree;11_Southeast of Lake,3_Below Summonwater Hawk;9_Far Southwest;10_Lake
6,4_Third Church;8_East of Cavalry Bridge;9_Far Southwest,3_Below Summonwater Hawk
7,4_Third Church;8_East of Cavalry Bridge;9_Far Southwest,2_West of Warmasters Shack;6_Stormhill South of Gate
8,3_Below Summonwater Hawk;6_Stormhill South of Gate;9_Far Southwest;11_Southeast of Lake,2_West of Warmasters Shack;7_Minor Erdtree
9,5_Above Stormhill Tunnel Entrance;8_East of Cavalry Bridge;9_Far Southwest;10_Lake,1_Northeast of Saintsbridge
10,2_West of Warmasters Shack;4_Third Church;9_Far Southwest;11_Southeast of Lake,7_Minor Erdtree
11,4_Third Church;8_East of Cavalry Bridge;10_Lake,3_Below Summonwater Hawk;5_Above Stormhill Tunnel Entrance;11_Southeast of Lake
12,4_Third Church;5_Above Stormhill Tunnel Entrance;9_Far Southwest,1_Northeast of Saintsbridge;8_East of Cavalry Bridge;11_Southeast of Lake
13,4_Third Church;5_Above Stormhill Tunnel Entrance;11_Southeast of Lake,8_East of Cavalry Bridge
14,2_West of Warmasters Shack;8_East of Cavalry Bridge;10_Lake,1_Northeast of Saintsbridge
15,2_West of Warmasters Shack;7_Minor Erdtree;8_East of Cavalry Bridge,6_Stormhill South of Gate;10_Lake;11_Southeast of Lake
16,4_Third Church;5_Above Stormhill Tunnel Entrance;11_Southeast of Lake,2_West of Warmasters Shack;10_Lake
17,6_Stormhill South of Gate;8_East of Cavalry Bridge;11_Southeast of Lake,1_Northeast of Saintsbridge;10_Lake
18,1_Northeast of Saintsbridge;7_Minor Erdtree;8_East of Cavalry Bridge,2_West of Warmasters Shack
19,3_Below Summonwater Hawk;5_Above Stormhill Tunnel Entrance;11_Southeast of Lake,7_Minor Erdtree;8_East of Cavalry Bridge
20,3_Below Summonwater Hawk;6_Stormhill South of Gate;7_Minor Erdtree;11_Southeast of Lake,10_Lake
21,1_Northeast of Saintsbridge;3_Below Summonwater Hawk;9_Far Southwest,6_Stormhill South of Gate;8_East of Cavalry Bridge
22,3_Below Summonwater Hawk;9_Far Southwest;11_Southeast of Lake,1_Northeast of Saintsbridge;7_Minor Erdtree
23,4_Third Church;9_Far Southwest;11_Southeast of Lake,7_Minor Erdtree
24,4_Third Church;8_East of Cavalry Bridge;11_Southeast of Lake,1_Northeast of Saintsbridge
25,4_Third Church;8_East of Cavalry Bridge;10_Lake,3_Below Summonwater Hawk
26,6_Stormhill South of Gate;7_Minor Erdtree;8_East of Cavalry Bridge,10_Lake
27,2_West of Warmasters Shack;9_Far Southwest;11_Southeast of Lake,3_Below Summonwater Hawk;10_Lake
28,7_Minor Erdtree;8_East of Cavalry Bridge;11_Southeast of Lake,6_Stormhill South of Gate
29,4_Third Church;8_East of Cavalry Bridge;9_Far Southwest,11_Southeast of Lake
30,1_Northeast of Saintsbridge;5_Above Stormhill Tunnel Entrance;10_Lake,2_West of Warmasters Shack;6_Stormhill South of Gate
31,2_West of Warmasters Shack;5_Above Stormhill Tunnel Entrance;9_Far Southwest;10_Lake,1_Northeast of Saintsbridge
32,1_Northeast of Saintsbridge;5_Above Stormhill Tunnel Entrance;9_Far Southwest,6_Stormhill South of Gate
33,1_Northeast of Saintsbridge;9_Far Southwest;10_Lake,2_West of Warmasters Shack;4_Third Church
34,1_Northeast of Saintsbridge;2_West of Warmasters Shack;3_Below Summonwater Hawk,5_Above Stormhill Tunnel Entrance;9_Far Southwest
35,2_West of Warmasters Shack;4_Third Church;11_Southeast of Lake,1_Northeast of Saintsbridge
36,2_West of Warmasters Shack;7_Minor Erdtree;8_East of Cavalry Bridge,5_Above Stormhill Tunnel Entrance
37,2_West of Warmasters Shack;4_Third Church;11_Southeast of Lake,7_Minor Erdtree
38,2_West of Warmasters Shack;4_Third Church;8_East of Cavalry Bridge,5_Above Stormhill Tunnel Entrance;11_Southeast of Lake
39,5_Above Stormhill Tunnel Entrance;7_Minor Erdtree;11_Southeast of Lake,3_Below Summonwater Hawk
40,1_Northeast of Saintsbridge;3_Below Summonwater Hawk;9_Far Southwest,6_Stormhill South of Gate;8_East of Cavalry Bridge;10_Lake
41,4_Third Church;5_Above Stormhill Tunnel Entrance;10_Lake,1_Northeast of Saintsbridge;8_East of Cavalry Bridge;11_Southeast of Lake
42,3_Below Summonwater Hawk;9_Far Southwest;10_Lake,2_West of Warmasters Shack;7_Minor Erdtree;8_East of Cavalry Bridge
43,2_West of Warmasters Shack;8_East of Cavalry Bridge;11_Southeast of Lake,1_Northeast of Saintsbridge
44,5_Above Stormhill Tunnel Entrance;7_Minor Erdtree;9_Far Southwest,4_Third Church
45,4_Third Church;6_Stormhill South of Gate;8_East of Cavalry Bridge,3_Below Summonwater Hawk;10_Lake
46,6_Stormhill South of Gate;8_East of Cavalry Bridge;10_Lake,5_Above Stormhill Tunnel Entrance
47,3_Below Summonwater Hawk;6_Stormhill South of Gate;10_Lake,5_Above Stormhill Tunnel Entrance
48,1_Northeast of Saintsbridge;2_West of Warmasters Shack;7_Minor Erdtree,6_Stormhill South of Gate;10_Lake
49,1_Northeast of Saintsbridge;2_West of Warmasters Shack;8_East of Cavalry Bridge;9_Far Southwest,4_Third Church;5_Above Stormhill Tunnel Entrance;7_Minor Erdtree
50,3_Below Summonwater Hawk;9_Far Southwest;11_Southeast of Lake,2_West of Warmasters Shack;6_Stormhill South of Gate
51,4_Third Church;9_Far Southwest;11_Southeast of Lake,6_Stormhill South of Gate;7_Minor Erdtree
52,4_Third Church;8_East of Cavalry Bridge;11_Southeast of Lake,2_West of Warmasters Shack;3_Below Summonwater Hawk
53,2_West of Warmasters Shack;6_Stormhill South of Gate;8_East of Cavalry Bridge;9_Far Southwest,7_Minor Erdtree
54,1_Northeast of Saintsbridge;6_Stormhill South of Gate;7_Minor Erdtree;10_Lake,2_West of Warmasters Shack
55,5_Above Stormhill Tunnel Entrance;6_Stormhill South of Gate;10_Lake,2_West of Warmasters Shack;4_Third Church;7_Minor Erdtree
56,1_Northeast of Saintsbridge;2_West of Warmasters Shack;3_Below Summonwater Hawk,5_Above Stormhill Tunnel Entrance;11_Southeast of Lake
57,4_Third Church;5_Above Stormhill Tunnel Entrance;8_East of Cavalry Bridge;9_Far Southwest,1_Northeast of Saintsbridge;7_Minor Erdtree;11_Southeast of Lake
58,3_Below Summonwater Hawk;5_Above Stormhill Tunnel Entrance;11_Southeast of Lake,8_East of Cavalry Bridge
59,1_Northeast of Saintsbridge;5_Above Stormhill Tunnel Entrance;11_Southeast of Lake,6_Stormhill South of Gate
60,1_Northeast of Saintsbridge;6_Stormhill South of Gate;8_East of Cavalry Bridge,4_Third Church
61,3_Below Summonwater Hawk;6_Stormhill South of Gate;11_Southeast of Lake,10_Lake
62,6_Stormhill South of Gate;7_Minor Erdtree;10_Lake,1_Northeast of Saintsbridge
63,3_Below Summonwater Hawk;9_Far Southwest;10_Lake,1_Northeast of Saintsbridge;7_Minor Erdtree
64,4_Third Church;7_Minor Erdtree;9_Far Southwest;11_Southeast of Lake,1_Northeast of Saintsbridge
65,2_West of Warmasters Shack;3_Below Summonwater Hawk;10_Lake,4_Third Church
66,2_West of Warmasters Shack;4_Third Church;8_East of Cavalry Bridge,10_Lake
67,2_West of Warmasters Shack;7_Minor Erdtree;10_Lake,3_Below Summonwater Hawk;9_Far Southwest
68,4_Third Church;6_Stormhill South of Gate;10_Lake,7_Minor Erdtree
69,4_Third Church;8_East of Cavalry Bridge;11_Southeast of Lake,2_West of Warmasters Shack;7_Minor Erdtree
70,1_Northeast of Saintsbridge;2_West of Warmasters Shack;3_Below Summonwater Hawk,6_Stormhill South of Gate
71,4_Third Church;5_Above Stormhill Tunnel Entrance;9_Far Southwest,6_Stormhill South of Gate
72,1_Northeast of Saintsbridge;3_Below Summonwater Hawk;5_Above Stormhill Tunnel Entrance,2_West of Warmasters Shack
73,1_Northeast of Saintsbridge;5_Above Stormhill Tunnel Entrance;10_Lake,6_Stormhill South of Gate
74,1_Northeast of Saintsbridge;4_Third Church;5_Above Stormhill Tunnel Entrance,3_Below Summonwater Hawk;9_Far Southwest
75,1_Northeast of Saintsbridge;3_Below Summonwater Hawk;5_Above Stormhill Tunnel Entrance;11_Southeast of Lake,4_Third Church;8_East of Cavalry Bridge
76,2_West of Warmasters Shack;4_Third Church;8_East of Cavalry Bridge,11_Southeast of Lake
77,1_Northeast of Saintsbridge;4_Third Church;5_Above Stormhill Tunnel Entrance,11_Southeast of Lake
78,1_Northeast of Saintsbridge;2_West of Warmasters Shack;3_Below Summonwater Hawk,4_Third Church
79,1_Northeast of Saintsbridge;2_West of Warmasters Shack;4_Third Church,8_East of Cavalry Bridge
80,2_West of Warmasters Shack;7_Minor Erdtree;11_Southeast of Lake,5_Above Stormhill Tunnel Entrance;6_Stormhill South of Gate;10_Lake
81,2_West of Warmasters Shack;4_Third Church;5_Above Stormhill Tunnel Entrance;11_Southeast of Lake,1_Northeast of Saintsbridge
82,1_Northeast of Saintsbridge;4_Third Church;6_Stormhill South of Gate;11_Southeast of Lake,7_Minor Erdtree
83,1_Northeast of Saintsbridge;3_Below Summonwater Hawk;9_Far Southwest,2_West of Warmasters Shack;10_Lake;11_Southeast of Lake
84,4_Third Church;5_Above Stormhill Tunnel Entrance;10_Lake,6_Stormhill South of Gate;8_East of Cavalry Bridge
85,4_Third Church;5_Above Stormhill Tunnel Entrance;10_Lake,6_Stormhill South of Gate;8_East of Cavalry Bridge
86,5_Above Stormhill Tunnel Entrance;6_Stormhill South of Gate;10_Lake,3_Below Summonwater Hawk
87,3_Below Summonwater Hawk;6_Stormhill South of Gate;10_Lake,2_West of Warmasters Shack;4_Third Church;5_Above Stormhill Tunnel Entrance
88,1_Northeast of Saintsbridge;3_Below Summonwater Hawk;9_Far Southwest,2_West of Warmasters Shack;7_Minor Erdtree
89,3_Below Summonwater Hawk;5_Above Stormhill Tunnel Entrance;9_Far Southwest,2_West of Warmasters Shack;10_Lake
90,1_Northeast of Saintsbridge;4_Third Church;10_Lake,2_West of Warmasters Shack;3_Below Summonwater Hawk;11_Southeast of Lake
91,5_Above Stormhill Tunnel Entrance;8_East of Cavalry Bridge;10_Lake,3_Below Summonwater Hawk;6_Stormhill South of Gate
92,2_West of Warmasters Shack;4_Third Church;10_Lake,8_East of Cavalry Bridge;9_Far Southwest
93,4_Third Church;8_East of Cavalry Bridge;9_Far Southwest,5_Above Stormhill Tunnel Entrance;6_Stormhill South of Gate;7_Minor Erdtree
94,2_West of Warmasters Shack;8_East of Cavalry Bridge;9_Far Southwest,10_Lake
95,4_Third Church;5_Above Stormhill Tunnel Entrance;9_Far Southwest,2_West of Warmasters Shack;7_Minor Erdtree
96,5_Above Stormhill Tunnel Entrance;7_Minor Erdtree;9_Far Southwest;11_Southeast of Lake,2_West of Warmasters Shack;4_Third Church
97,3_Below Summonwater Hawk;5_Above Stormhill Tunnel Entrance;8_East of Cavalry Bridge;9_Far Southwest,6_Stormhill South of Gate;7_Minor Erdtree;11_Southeast of Lake
98,7_Minor Erdtree;8_East of Cavalry Bridge;11_Southeast of Lake,10_Lake
99,2_West of Warmasters Shack;9_Far Southwest;11_Southeast of Lake,1_Northeast of Saintsbridge;4_Third Church
100,1_Northeast of Saintsbridge;8_East of Cavalry Bridge;10_Lake,4_Third Church
101,1_Northeast of Saintsbridge;9_Far Southwest;11_Southeast of Lake,3_Below Summonwater Hawk;8_East of Cavalry Bridge
102,1_Northeast of Saintsbridge;7_Minor Erdtree;9_Far Southwest,11_Southeast of Lake
103,1_Northeast of Saintsbridge;9_Far Southwest;11_Southeast of Lake,8_East of Cavalry Bridge
104,4_Third Church;6_Stormhill South of Gate;8_East of Cavalry Bridge;10_Lake,3_Below Summonwater Hawk;9_Far Southwest
105,2_West of Warmasters Shack;7_Minor Erdtree;8_East of Cavalry Bridge,6_Stormhill South of Gate
106,4_Third Church;8_East of Cavalry Bridge;10_Lake,9_Far Southwest
107,7_Minor Erdtree;8_East of Cavalry Bridge;9_Far Southwest,3_Below Summonwater Hawk;11_Southeast of Lake
108,4_Third Church;9_Far Southwest;10_Lake,3_Below Summonwater Hawk;11_Southeast of Lake
109,2_West of Warmasters Shack;8_East of Cavalry Bridge;10_Lake,9_Far Southwest
110,1_Northeast of Saintsbridge;3_Below Summonwater Hawk;6_Stormhill South of Gate,4_Third Church;5_Above Stormhill Tunnel Entrance
111,1_Northeast of Saintsbridge;4_Third Church;10_Lake,2_West of Warmasters Shack;5_Above Stormhill Tunnel Entrance
112,4_Third Church;9_Far Southwest;10_Lake,2_West of Warmasters Shack;3_Below Summonwater Hawk;5_Above Stormhill Tunnel Entrance
113,2_West of Warmasters Shack;4_Third Church;10_Lake,3_Below Summonwater Hawk;9_Far Southwest
114,5_Above Stormhill Tunnel Entrance;9_Far Southwest;10_Lake,6_Stormhill South of Gate
115,1_Northeast of Saintsbridge;2_West of Warmasters Shack;3_Below Summonwater Hawk;4_Third Church,7_Minor Erdtree
116,5_Above Stormhill Tunnel Entrance;7_Minor Erdtree;8_East of Cavalry Bridge,11_Southeast of Lake
117,5_Above Stormhill Tunnel Entrance;7_Minor Erdtree;11_Southeast of Lake,1_Northeast of Saintsbridge;2_West of Warmasters Shack
118,1_Northeast of Saintsbridge;4_Third Church;11_Southeast of Lake,3_Below Summonwater Hawk;5_Above Stormhill Tunnel Entrance
119,1_Northeast of Saintsbridge;2_West of Warmasters Shack;8_East of Cavalry Bridge,4_Third Church;7_Minor Erdtree
120,3_Below Summonwater Hawk;6_Stormhill South of Gate;10_Lake,2_West of Warmasters Shack;8_East of Cavalry Bridge
121,1_Northeast of Saintsbridge;3_Below Summonwater Hawk;6_Stormhill South of Gate;10_Lake,2_West of Warmasters Shack;4_Third Church;8_East of Cavalry Bridge
122,4_Third Church;9_Far Southwest;10_Lake;11_Southeast of Lake,1_Northeast of Saintsbridge;3_Below Summonwater Hawk
123,1_Northeast of Saintsbridge;2_West of Warmasters Shack;9_Far Southwest;10_Lake,3_Below Summonwater Hawk;8_East of Cavalry Bridge
124,5_Above Stormhill Tunnel Entrance;8_East of Cavalry Bridge;11_Southeast of Lake,4_Third Church;6_Stormhill South of Gate;9_Far Southwest
125,2_West of Warmasters Shack;7_Minor Erdtree;11_Southeast of Lake,5_Above Stormhill Tunnel Entrance;10_Lake
126,2_West of Warmasters Shack;4_Third Church;8_East of Cavalry Bridge,1_Northeast of Saintsbridge;7_Minor Erdtree
127,2_West of Warmasters Shack;7_Minor Erdtree;8_East of Cavalry Bridge,6_Stormhill South of Gate;9_Far Southwest
128,2_West of Warmasters Shack;8_East of Cavalry Bridge;10_Lake,5_Above Stormhill Tunnel Entrance;7_Minor Erdtree
129,3_Below Summonwater Hawk;6_Stormhill South of Gate;10_Lake,1_Northeast of Saintsbridge;9_Far Southwest;11_Southeast of Lake
130,1_Northeast of Saintsbridge;7_Minor Erdtree;10_Lake,9_Far Southwest
131,1_Northeast of Saintsbridge;3_Below Summonwater Hawk;8_East of Cavalry Bridge;10_Lake,5_Above Stormhill Tunnel Entrance;6_Stormhill South of Gate;11_Southeast of Lake
132,1_Northeast of Saintsbridge;8_East of Cavalry Bridge;11_Southeast of Lake,5_Above Stormhill Tunnel Entrance;6_Stormhill South of Gate;7_Minor Erdtree
133,3_Below Summonwater Hawk;6_Stormhill South of Gate;10_Lake,5_Above Stormhill Tunnel Entrance;11_Southeast of Lake
134,1_Northeast of Saintsbridge;5_Above Stormhill Tunnel Entrance;6_Stormhill South of Gate,10_Lake
135,1_Northeast of Saintsbridge;6_Stormhill South of Gate;8_East of Cavalry Bridge,7_Minor Erdtree;10_Lake
136,8_East of Cavalry Bridge;9_Far Southwest;10_Lake,3_Below Summonwater Hawk
137,2_West of Warmasters Shack;7_Minor Erdtree;10_Lake,6_Stormhill South of Gate;8_East of Cavalry Bridge
138,1_Northeast of Saintsbridge;6_Stormhill South of Gate;8_East of Cavalry Bridge,10_Lake
139,1_Northeast of Saintsbridge;4_Third Church;5_Above Stormhill Tunnel Entrance,2_West of Warmasters Shack;8_East of Cavalry Bridge
140,4_Third Church;6_Stormhill South of Gate;10_Lake,1_Northeast of Saintsbridge;7_Minor Erdtree
141,7_Minor Erdtree;8_East of Cavalry Bridge;9_Far Southwest,3_Below Summonwater Hawk;10_Lake
142,1_Northeast of Saintsbridge;8_East of Cavalry Bridge;10_Lake,3_Below Summonwater Hawk;4_Third Church
143,1_Northeast of Saintsbridge;6_Stormhill South of Gate;8_East of Cavalry Bridge,9_Far Southwest
144,6_Stormhill South of Gate;8_East of Cavalry Bridge;10_Lake,1_Northeast of Saintsbridge
145,4_Third Church;6_Stormhill South of Gate;11_Southeast of Lake,3_Below Summonwater Hawk
146,2_West of Warmasters Shack;9_Far Southwest;10_Lake,3_Below Summonwater Hawk;6_Stormhill South of Gate
147,2_West of Warmasters Shack;7_Minor Erdtree;10_Lake,4_Third Church
148,2_West of Warmasters Shack;7_Minor Erdtree;11_Southeast of Lake,10_Lake
149,4_Third Church;6_Stormhill South of Gate;11_Southeast of Lake,3_Below Summonwater Hawk;7_Minor Erdtree
150,1_Northeast of Saintsbridge;2_West of Warmasters Shack;9_Far Southwest;10_Lake,4_Third Church
151,1_Northeast of Saintsbridge;9_Far Southwest;10_Lake,3_Below Summonwater Hawk
152,1_Northeast of Saintsbridge;4_Third Church;5_Above Stormhill Tunnel Entrance,2_West of Warmasters Shack;6_Stormhill South of Gate
153,2_West of Warmasters Shack;3_Below Summonwater Hawk;9_Far Southwest;10_Lake,1_Northeast of Saintsbridge;4_Third Church
154,2_West of Warmasters Shack;3_Below Summonwater Hawk;9_Far Southwest,1_Northeast of Saintsbridge
155,3_Below Summonwater Hawk;5_Above Stormhill Tunnel Entrance;11_Southeast of Lake,4_Third Church;8_East of Cavalry Bridge
156,1_Northeast of Saintsbridge;2_West of Warmasters Shack;3_Below Summonwater Hawk,7_Minor Erdtree;11_Southeast of Lake
157,1_Northeast of Saintsbridge;3_Below Summonwater Hawk;5_Above Stormhill Tunnel Entrance,4_Third Church
158,1_Northeast of Saintsbridge;3_Below Summonwater Hawk;5_Above Stormhill Tunnel Entrance;11_Southeast of Lake,4_Third Church;7_Minor Erdtree
159,1_Northeast of Saintsbridge;5_Above Stormhill Tunnel Entrance;7_Minor Erdtree,11_Southeast of Lake
160,1_Northeast of Saintsbridge;2_West of Warmasters Shack;9_Far Southwest,4_Third Church;11_Southeast of Lake
161,1_Northeast of Saintsbridge;7_Minor Erdtree;8_East of Cavalry Bridge,4_Third Church;9_Far Southwest;10_Lake
162,2_West of Warmasters Shack;8_East of Cavalry Bridge;10_Lake,1_Northeast of Saintsbridge
163,5_Above Stormhill Tunnel Entrance;6_Stormhill South of Gate;10_Lake,4_Third Church;8_East of Cavalry Bridge
164,5_Above Stormhill Tunnel Entrance;9_Far Southwest;10_Lake,8_East of Cavalry Bridge;11_Southeast of Lake
165,1_Northeast of Saintsbridge;2_West of Warmasters Shack;7_Minor Erdtree,4_Third Church;6_Stormhill South of Gate;11_Southeast of Lake
166,2_West of Warmasters Shack;5_Above Stormhill Tunnel Entrance;9_Far Southwest;10_Lake,4_Third Church
167,5_Above Stormhill Tunnel Entrance;8_East of Cavalry Bridge;9_Far Southwest,3_Below Summonwater Hawk;10_Lake;11_Southeast of Lake
168,1_Northeast of Saintsbridge;3_Below Summonwater Hawk;6_Stormhill South of Gate,7_Minor Erdtree;8_East of Cavalry Bridge;10_Lake
169,3_Below Summonwater Hawk;6_Stormhill South of Gate;10_Lake,2_West of Warmasters Shack;8_East of Cavalry Bridge
170,3_Below Summonwater Hawk;5_Above Stormhill Tunnel Entrance;6_Stormhill South of Gate,2_West of Warmasters Shack;4_Third Church
171,4_Third Church;8_East of Cavalry Bridge;9_Far Southwest,1_Northeast of Saintsbridge;6_Stormhill South of Gate;10_Lake
172,4_Third Church;5_Above Stormhill Tunnel Entrance;8_East of Cavalry Bridge,3_Below Summonwater Hawk;7_Minor Erdtree;10_Lake
173,2_West of Warmasters Shack;4_Third Church;8_East of Cavalry Bridge;9_Far Southwest,3_Below Summonwater Hawk;6_Stormhill South of Gate
174,3_Below Summonwater Hawk;5_Above Stormhill Tunnel Entrance;10_Lake,1_Northeast of Saintsbridge;8_East of Cavalry Bridge
175,3_Below Summonwater Hawk;5_Above Stormhill Tunnel Entrance;11_Southeast of Lake,2_West of Warmasters Shack
176,1_Northeast of Saintsbridge;6_Stormhill South of Gate;8_East of Cavalry Bridge,4_Third Church;10_Lake
177,2_West of Warmasters Shack;8_East of Cavalry Bridge;10_Lake,3_Below Summonwater Hawk;6_Stormhill South of Gate;9_Far Southwest
178,3_Below Summonwater Hawk;6_Stormhill South of Gate;8_East of Cavalry Bridge,4_Third Church;9_Far Southwest;10_Lake
179,2_West of Warmasters Shack;7_Minor Erdtree;8_East of Cavalry Bridge,1_Northeast of Saintsbridge;4_Third Church;11_Southeast of Lake
180,1_Northeast of Saintsbridge;7_Minor Erdtree;10_Lake,6_Stormhill South of Gate;9_Far Southwest
181,1_Northeast of Saintsbridge;7_Minor Erdtree;10_Lake,6_Stormhill South of Gate;8_East of Cavalry Bridge
182,4_Third Church;6_Stormhill South of Gate;8_East of Cavalry Bridge,10_Lake
183,1_Northeast of Saintsbridge;8_East of Cavalry Bridge;9_Far Southwest,4_Third Church;10_Lake
184,1_Northeast of Saintsbridge;8_East of Cavalry Bridge;11_Southeast of Lake,4_Third Church
185,2_West of Warmasters Shack;9_Far Southwest;10_Lake,11_Southeast of Lake
186,2_West of Warmasters Shack;8_East of Cavalry Bridge;10_Lake;11_Southeast of Lake,3_Below Summonwater Hawk;9_Far Southwest
187,4_Third Church;9_Far Southwest;10_Lake,7_Minor Erdtree
188,6_Stormhill South of Gate;7_Minor Erdtree;11_Southeast of Lake,4_Third Church;9_Far Southwest
189,4_Third Church;9_Far Southwest;10_Lake,3_Below Summonwater Hawk;7_Minor Erdtree
190,3_Below Summonwater Hawk;6_Stormhill South of Gate;10_Lake,5_Above Stormhill Tunnel Entrance
191,1_Northeast of Saintsbridge;3_Below Summonwater Hawk;5_Above Stormhill Tunnel Entrance,4_Third Church;6_Stormhill South of Gate
192,3_Below Summonwater Hawk;9_Far Southwest;10_Lake,2_West of Warmasters Shack
193,4_Third Church;6_Stormhill South of Gate;10_Lake,5_Above Stormhill Tunnel Entrance
194,1_Northeast of Saintsbridge;2_West of Warmasters Shack;10_Lake,5_Above Stormhill Tunnel Entrance;6_Stormhill South of Gate
195,2_West of Warmasters Shack;4_Third Church;11_Southeast of Lake,1_Northeast of Saintsbridge
196,2_West of Warmasters Shack;4_Third Church;11_Southeast of Lake,3_Below Summonwater Hawk
197,2_West of Warmasters Shack;3_Below Summonwater Hawk;5_Above Stormhill Tunnel Entrance;11_Southeast of Lake,1_Northeast of Saintsbridge;8_East of Cavalry Bridge
198,1_Northeast of Saintsbridge;2_West of Warmasters Shack;7_Minor Erdtree,5_Above Stormhill Tunnel Entrance
199,1_Northeast of Saintsbridge;4_Third Church;5_Above Stormhill Tunnel Entrance;8_East of Cavalry Bridge,7_Minor Erdtree
200,4_Third Church;9_Far Southwest;10_Lake,6_Stormhill South of Gate
201,1_Northeast of Saintsbridge;4_Third Church;8_East of Cavalry Bridge,2_West of Warmasters Shack;3_Below Summonwater Hawk;10_Lake
202,2_West of Warmasters Shack;8_East of Cavalry Bridge;10_Lake,1_Northeast of Saintsbridge;3_Below Summonwater Hawk;6_Stormhill South of Gate
203,1_Northeast of Saintsbridge;5_Above Stormhill Tunnel Entrance;6_Stormhill South of Gate,3_Below Summonwater Hawk;7_Minor Erdtree;10_Lake
204,1_Northeast of Saintsbridge;4_Third Church;5_Above Stormhill Tunnel Entrance,3_Below Summonwater Hawk
205,5_Above Stormhill Tunnel Entrance;6_Stormhill South of Gate;10_Lake,4_Third Church;8_East of Cavalry Bridge
206,1_Northeast of Saintsbridge;4_Third Church;5_Above Stormhill Tunnel Entrance,8_East of Cavalry Bridge
207,1_Northeast of Saintsbridge;5_Above Stormhill Tunnel Entrance;10_Lake,7_Minor Erdtree;9_Far Southwest;11_Southeast of Lake
208,2_West of Warmasters Shack;9_Far Southwest;11_Southeast of Lake,8_East of Cavalry Bridge;10_Lake
209,1_Northeast of Saintsbridge;8_East of Cavalry Bridge;9_Far Southwest,7_Minor Erdtree
210,1_Northeast of Saintsbridge;3_Below Summonwater Hawk;10_Lake,6_Stormhill South of Gate
211,2_West of Warmasters Shack;4_Third Church;10_Lake,5_Above Stormhill Tunnel Entrance;6_Stormhill South of Gate
212,5_Above Stormhill Tunnel Entrance;7_Minor Erdtree;11_Southeast of Lake,2_West of Warmasters Shack;10_Lake
213,4_Third Church;6_Stormhill South of Gate;10_Lake,5_Above Stormhill Tunnel Entrance
214,1_Northeast of Saintsbridge;2_West of Warmasters Shack;3_Below Summonwater Hawk;6_Stormhill South of Gate,5_Above Stormhill Tunnel Entrance;7_Minor Erdtree;9_Far Southwest
215,3_Below Summonwater Hawk;5_Above Stormhill Tunnel Entrance;7_Minor Erdtree;9_Far Southwest,6_Stormhill South of Gate
216,1_Northeast of Saintsbridge;4_Third Church;10_Lake,3_Below Summonwater Hawk
217,2_West of Warmasters Shack;8_East of Cavalry Bridge;9_Far Southwest,4_Third Church;6_Stormhill South of Gate;11_Southeast of Lake
218,5_Above Stormhill Tunnel Entrance;6_Stormhill South of Gate;9_Far Southwest;10_Lake,7_Minor Erdtree;8_East of Cavalry Bridge;11_Southeast of Lake
219,1_Northeast of Saintsbridge;4_Third Church;8_East of Cavalry Bridge;11_Southeast of Lake,6_Stormhill South of Gate;7_Minor Erdtree
220,8_East of Cavalry Bridge;9_Far Southwest;10_Lake,7_Minor Erdtree;11_Southeast of Lake
221,4_Third Church;8_East of Cavalry Bridge;10_Lake,11_Southeast of Lake
222,3_Below Summonwater Hawk;9_Far Southwest;11_Southeast of Lake,10_Lake
223,3_Below Summonwater Hawk;9_Far Southwest;10_Lake,1_Northeast of Saintsbridge;11_Southeast of Lake
224,1_Northeast of Saintsbridge;6_Stormhill South of Gate;7_Minor Erdtree;10_Lake,4_Third Church;9_Far Southwest
225,4_Third Church;8_East of Cavalry Bridge;11_Southeast of Lake,6_Stormhill South of Gate
226,3_Below Summonwater Hawk;9_Far Southwest;11_Southeast of Lake,7_Minor Erdtree
227,3_Below Summonwater Hawk;6_Stormhill South of Gate;9_Far Southwest;10_Lake,7_Minor Erdtree
228,3_Below Summonwater Hawk;6_Stormhill South of Gate;10_Lake,4_Third Church
229,7_Minor Erdtree;9_Far Southwest;11_Southeast of Lake,6_Stormhill South of Gate;10_Lake
230,1_Northeast of Saintsbridge;5_Above Stormhill Tunnel Entrance;10_Lake,4_Third Church;9_Far Southwest
231,2_West of Warmasters Shack;4_Third Church;9_Far Southwest,6_Stormhill South of Gate;10_Lake
232,4_Third Church;5_Above Stormhill Tunnel Entrance;6_Stormhill South of Gate,10_Lake
233,4_Third Church;5_Above Stormhill Tunnel Entrance;9_Far Southwest,2_West of Warmasters Shack;6_Stormhill South of Gate
234,1_Northeast of Saintsbridge;5_Above Stormhill Tunnel Entrance;9_Far Southwest,4_Third Church
235,1_Northeast of Saintsbridge;2_West of Warmasters Shack;11_Southeast of Lake,3_Below Summonwater Hawk
236,1_Northeast of Saintsbridge;4_Third Church;8_East of Cavalry Bridge,3_Below Summonwater Hawk;7_Minor Erdtree
237,1_Northeast of Saintsbridge;4_Third Church;11_Southeast of Lake,8_East of Cavalry Bridge
238,1_Northeast of Saintsbridge;5_Above Stormhill Tunnel Entrance;7_Minor Erdtree,11_Southeast of Lake
239,1_Northeast of Saintsbridge;2_West of Warmasters Shack;11_Southeast of Lake,4_Third Church
240,6_Stormhill South of Gate;8_East of Cavalry Bridge;11_Southeast of Lake,10_Lake
241,1_Northeast of Saintsbridge;8_East of Cavalry Bridge;11_Southeast of Lake,4_Third Church;6_Stormhill South of Gate
242,1_Northeast of Saintsbridge;4_Third Church;8_East of Cavalry Bridge,2_West of Warmasters Shack;9_Far Southwest
243,3_Below Summonwater Hawk;5_Above Stormhill Tunnel Entrance;10_Lake,4_Third Church;6_Stormhill South of Gate
244,5_Above Stormhill Tunnel Entrance;7_Minor Erdtree;11_Southeast of Lake,10_Lake
245,2_West of Warmasters Shack;7_Minor Erdtree;8_East of Cavalry Bridge;9_Far Southwest,1_Northeast of Saintsbridge;4_Third Church;5_Above Stormhill Tunnel Entrance
246,1_Northeast of Saintsbridge;7_Minor Erdtree;10_Lake,5_Above Stormhill Tunnel Entrance
247,2_West of Warmasters Shack;7_Minor Erdtree;9_Far Southwest,5_Above Stormhill Tunnel Entrance;6_Stormhill South of Gate
248,2_West of Warmasters Shack;8_East of Cavalry Bridge;9_Far Southwest;11_Southeast of Lake,4_Third Church;10_Lake
249,1_Northeast of Saintsbridge;9_Far Southwest;10_Lake,5_Above Stormhill Tunnel Entrance;7_Minor Erdtree
250,2_West of Warmasters Shack;4_Third Church;9_Far Southwest,3_Below Summonwater Hawk;5_Above Stormhill Tunnel Entrance
251,1_Northeast of Saintsbridge;6_Stormhill South of Gate;11_Southeast of Lake,10_Lake
252,3_Below Summonwater Hawk;6_Stormhill South of Gate;11_Southeast of Lake,9_Far Southwest;10_Lake
253,2_West of Warmasters Shack;3_Below Summonwater Hawk;10_Lake,4_Third Church;11_Southeast of Lake
254,4_Third Church;6_Stormhill South of Gate;8_East of Cavalry Bridge,1_Northeast of Saintsbridge;7_Minor Erdtree;11_Southeast of Lake
255,5_Above Stormhill Tunnel Entrance;7_Minor Erdtree;8_East of Cavalry Bridge,2_West of Warmasters Shack;10_Lake
256,1_Northeast of Saintsbridge;8_East of Cavalry Bridge;9_Far Southwest,4_Third Church
257,2_West of Warmasters Shack;4_Third Church;10_Lake,7_Minor Erdtree
258,1_Northeast of Saintsbridge;2_West of Warmasters Shack;9_Far Southwest,4_Third Church;8_East of Cavalry Bridge
259,2_West of Warmasters Shack;4_Third Church;11_Southeast of Lake,6_Stormhill South of Gate
260,6_Stormhill South of Gate;8_East of Cavalry Bridge;11_Southeast of Lake,3_Below Summonwater Hawk
261,6_Stormhill South of Gate;7_Minor Erdtree;10_Lake,3_Below Summonwater Hawk;11_Southeast of Lake
262,3_Below Summonwater Hawk;9_Far Southwest;10_Lake,4_Third Church
263,4_Third Church;6_Stormhill South of Gate;11_Southeast of Lake,9_Far Southwest
264,4_Third Church;8_East of Cavalry Bridge;11_Southeast of Lake,6_Stormhill South of Gate
265,4_Third Church;6_Stormhill South of Gate;8_East of Cavalry Bridge,9_Far Southwest;10_Lake
266,7_Minor Erdtree;8_East of Cavalry Bridge;9_Far Southwest,3_Below Summonwater Hawk
267,2_West of Warmasters Shack;7_Minor Erdtree;8_East of Cavalry Bridge;10_Lake,6_Stormhill South of Gate;11_Southeast of Lake
268,3_Below Summonwater Hawk;6_Stormhill South of Gate;7_Minor Erdtree;8_East of Cavalry Bridge,11_Southeast of Lake
269,6_Stormhill South of Gate;7_Minor Erdtree;10_Lake,8_East of Cavalry Bridge;9_Far Southwest
270,3_Below Summonwater Hawk;6_Stormhill South of Gate;10_Lake,1_Northeast of Saintsbridge
271,2_West of Warmasters Shack;4_Third Church;9_Far Southwest,3_Below Summonwater Hawk;5_Above Stormhill Tunnel Entrance
272,3_Below Summonwater Hawk;5_Above Stormhill Tunnel Entrance;6_Stormhill South of Gate,9_Far Southwest;10_Lake
273,1_Northeast of Saintsbridge;2_West of Warmasters Shack;4_Third Church,3_Below Summonwater Hawk;10_Lake
274,1_Northeast of Saintsbridge;5_Above Stormhill Tunnel Entrance;9_Far Southwest,4_Third Church
275,5_Above Stormhill Tunnel Entrance;7_Minor Erdtree;8_East of Cavalry Bridge;11_Southeast of Lake,2_West of Warmasters Shack
276,1_Northeast of Saintsbridge;5_Above Stormhill Tunnel Entrance;7_Minor Erdtree,3_Below Summonwater Hawk
277,2_West of Warmasters Shack;7_Minor Erdtree;8_East of Cavalry Bridge;11_Southeast of Lake,1_Northeast of Saintsbridge
278,2_West of Warmasters Shack;4_Third Church;11_Southeast of Lake,3_Below Summonwater Hawk;8_East of Cavalry Bridge
279,3_Below Summonwater Hawk;5_Above Stormhill Tunnel Entrance;11_Southeast of Lake,2_West of Warmasters Shack
280,1_Northeast of Saintsbridge;4_Third Church;10_Lake,3_Below Summonwater Hawk;5_Above Stormhill Tunnel Entrance
281,4_Third Church;8_East of Cavalry Bridge;9_Far Southwest,1_Northeast of Saintsbridge;6_Stormhill South of Gate;7_Minor Erdtree
282,2_West of Warmasters Shack;8_East of Cavalry Bridge;9_Far Southwest,5_Above Stormhill Tunnel Entrance;11_Southeast of Lake
283,2_West of Warmasters Shack;7_Minor Erdtree;9_Far Southwest,3_Below Summonwater Hawk
284,1_Northeast of Saintsbridge;3_Below Summonwater Hawk;11_Southeast of Lake,2_West of Warmasters Shack;4_Third Church;10_Lake
285,2_West of Warmasters Shack;3_Below Summonwater Hawk;9_Far Southwest,4_Third Church;5_Above Stormhill Tunnel Entrance;10_Lake
286,1_Northeast of Saintsbridge;4_Third Church;11_Southeast of Lake,9_Far Southwest
287,1_Northeast of Saintsbridge;3_Below Summonwater Hawk;8_East of Cavalry Bridge;9_Far Southwest,11_Southeast of Lake
288,1_Northeast of Saintsbridge;2_West of Warmasters Shack;8_East of Cavalry Bridge;9_Far Southwest,4_Third Church;10_Lake;11_Southeast of Lake
289,4_Third Church;5_Above Stormhill Tunnel Entrance;6_Stormhill South of Gate,3_Below Summonwater Hawk;10_Lake
290,1_Northeast of Saintsbridge;7_Minor Erdtree;8_East of Cavalry Bridge,3_Below Summonwater Hawk
291,6_Stormhill South of Gate;8_East of Cavalry Bridge;10_Lake,2_West of Warmasters Shack
292,4_Third Church;5_Above Stormhill Tunnel Entrance;10_Lake,2_West of Warmasters Shack;7_Minor Erdtree
293,1_Northeast of Saintsbridge;4_Third Church;8_East of Cavalry Bridge,7_Minor Erdtree;10_Lake
294,2_West of Warmasters Shack;3_Below Summonwater Hawk;7_Minor Erdtree;11_Southeast of Lake,5_Above Stormhill Tunnel Entrance;6_Stormhill South of Gate
295,2_West of Warmasters Shack;8_East of Cavalry Bridge;10_Lake,7_Minor Erdtree
296,5_Above Stormhill Tunnel Entrance;7_Minor Erdtree;10_Lake,4_Third Church
297,1_Northeast of Saintsbridge;2_West of Warmasters Shack;4_Third Church,3_Below Summonwater Hawk;8_East of Cavalry Bridge;11_Southeast of Lake
298,6_Stormhill South of Gate;8_East of Cavalry Bridge;11_Southeast of Lake,7_Minor Erdtree
299,2_West of Warmasters Shack;3_Below Summonwater Hawk;10_Lake,7_Minor Erdtree
300,4_Third Church;9_Far Southwest;10_Lake,6_Stormhill South of Gate;8_East of Cavalry Bridge
301,1_Northeast of Saintsbridge;4_Third Church;6_Stormhill South of Gate,7_Minor Erdtree;8_East of Cavalry Bridge
302,3_Below Summonwater Hawk;6_Stormhill South of Gate;10_Lake,4_Third Church;8_East of Cavalry Bridge
303,3_Below Summonwater Hawk;6_Stormhill South of Gate;10_Lake,8_East of Cavalry Bridge
304,6_Stormhill South of Gate;8_East of Cavalry Bridge;11_Southeast of Lake,9_Far Southwest
305,4_Third Church;6_Stormhill South of Gate;10_Lake,3_Below Summonwater Hawk;7_Minor Erdtree
306,4_Third Church;9_Far Southwest;10_Lake,6_Stormhill South of Gate;7_Minor Erdtree
307,2_West of Warmasters Shack;3_Below Summonwater Hawk;10_Lake,8_East of Cavalry Bridge
308,2_West of Warmasters Shack;4_Third Church;11_Southeast of Lake,6_Stormhill South of Gate
309,2_West of Warmasters Shack;4_Third Church;6_Stormhill South of Gate;8_East of Cavalry Bridge,10_Lake
310,1_Northeast of Saintsbridge;2_West of Warmasters Shack;4_Third Church,5_Above Stormhill Tunnel Entrance;6_Stormhill South of Gate
311,2_West of Warmasters Shack;4_Third Church;5_Above Stormhill Tunnel Entrance;9_Far Southwest,3_Below Summonwater Hawk;6_Stormhill South of Gate
312,1_Northeast of Saintsbridge;4_Third Church;10_Lake,3_Below Summonwater Hawk;6_Stormhill South of Gate
313,4_Third Church;5_Above Stormhill Tunnel Entrance;6_Stormhill South of Gate,3_Below Summonwater Hawk;9_Far Southwest
314,3_Below Summonwater Hawk;5_Above Stormhill Tunnel Entrance;9_Far Southwest,10_Lake
315,1_Northeast of Saintsbridge;2_West of Warmasters Shack;3_Below Summonwater Hawk,4_Third Church;8_East of Cavalry Bridge
316,4_Third Church;8_East of Cavalry Bridge;11_Southeast of Lake,2_West of Warmasters Shack;3_Below Summonwater Hawk
317,1_Northeast of Saintsbridge;2_West of Warmasters Shack;4_Third Church,7_Minor Erdtree
318,5_Above Stormhill Tunnel Entrance;7_Minor Erdtree;11_Southeast of Lake,3_Below Summonwater Hawk;4_Third Church
319,1_Northeast of Saintsbridge;4_Third Church;5_Above Stormhill Tunnel Entrance,7_Minor Erdtree
